{
  "meta": {
    "name": "Dracula",
    "author": "SnooozeCo",
    "version": "1.1"
  },
  "surface": {
    "app": "#282A36",
    "surface": "#21222C",
    "sidebar": "#21222C",
    "header": "#191A21",
    "status": "#21222C"
  },
  "text": {
    "primary": "#F8F8F2",
    "muted": "#6272A4",
    "disabled": "#44475A"
  },
  "border": {
    "subtle": "#44475A",
    "strong": "#6272A4"
  },
  "accent": {
    "primary": "#BD93F9",
    "secondary": "#FF79C6",
    "tertiary": "#8BE9FD"
  },
  "semantic": {
    "danger": "#FF5555",
    "success": "#50FA7B",
    "warning": "#F1FA8C"
  },
  "state": {
    "surface_hover": "#0000000F",
    "surface_active": "#0000001A",
    "accent_hover": "#C7A4FB",
    "accent_active": "#B185F7",
    "border_hover": "#6272A4",
    "border_focus": "#8BE9FD",
    "scrollbar_handle": "#FFFFFF2E"
  }
}